"list_name","name","label","prov_id","dist_id","posto_id","com_id"
"provinces","P10","Maputo","","","",""
"provinces","P09","Gaza","","","",""
"provinces","P08","Inhambane","","","",""
"provinces","P07","Sofala","","","",""
"provinces","P04","Zambezia","","","",""
"provinces","P06","Manica","","","",""
"provinces","P05","Tete","","","",""
"provinces","P03","Nampula","","","",""
"provinces","P02","Cabo Delgado","","","",""
"provinces","P01","Niassa","","","",""
"","","","","","",""
"districts","D0102","CUAMBA","P01","NIASSA","",""
"districts","D0103","LAGO","P01","NIASSA","",""
"districts","D0104","LICHINGA","P01","NIASSA","",""
"districts","D0105","MAJUNE","P01","NIASSA","",""
"districts","D0106","MANDIMBA","P01","NIASSA","",""
"districts","D0107","MARRUPA","P01","NIASSA","",""
"districts","D0108","MAUA","P01","NIASSA","",""
"districts","D0109","MAVAGO","P01","NIASSA","",""
"districts","D0110","MECANHELAS","P01","NIASSA","",""
"districts","D0111","MECULA","P01","NIASSA","",""
"districts","D0112","METARICA","P01","NIASSA","",""
"districts","D0113","MUEMBE","P01","NIASSA","",""
"districts","D0114","N'GAUMA","P01","NIASSA","",""
"districts","D0115","NIPEPE","P01","NIASSA","",""
"districts","D0116","SANGA","P01","NIASSA","",""
"districts","D0202","ANCUABE","P02","C.DELGADO","",""
"districts","D0203","BALAMA","P02","C.DELGADO","",""
"districts","D0204","CHIURE","P02","C.DELGADO","",""
"districts","D0205","IBO","P02","C.DELGADO","",""
"districts","D0206","MACOMIA","P02","C.DELGADO","",""
"districts","D0207","MECUFI","P02","C.DELGADO","",""
"districts","D0208","MELUCO","P02","C.DELGADO","",""
"districts","D0209","MOCIMBOA","P02","C.DELGADO","",""
"districts","D0210","MONTEPUEZ","P02","C.DELGADO","",""
"districts","D0211","MUEDA","P02","C.DELGADO","",""
"districts","D0212","MUIDUMBE","P02","C.DELGADO","",""
"districts","D0213","NAMUNO","P02","C.DELGADO","",""
"districts","D0214","NANGADE","P02","C.DELGADO","",""
"districts","D0215","PALMA","P02","C.DELGADO","",""
"districts","D0216","PEMBA_METUGE","P02","C.DELGADO","",""
"districts","D0217","QUISSANGA","P02","C.DELGADO","",""
"districts","D0302","ANGOCHE","P03","NAMPULA","",""
"districts","D0303","NAMAPA_ERATI","P03","NAMPULA","",""
"districts","D0304","ILHA DE MOCAMBIQUE","P03","NAMPULA","",""
"districts","D0305","LALAUA","P03","NAMPULA","",""
"districts","D0306","MALEMA","P03","NAMPULA","",""
"districts","D0307","MECONTA","P03","NAMPULA","",""
"districts","D0308","MECUBURI","P03","NAMPULA","",""
"districts","D0309","MEMBA","P03","NAMPULA","",""
"districts","D0310","MOGINCUAL","P03","NAMPULA","",""
"districts","D0311","MOGOVOLAS","P03","NAMPULA","",""
"districts","D0312","MOMA","P03","NAMPULA","",""
"districts","D0313","MONAPO","P03","NAMPULA","",""
"districts","D0314","MOSSURIL","P03","NAMPULA","",""
"districts","D0315","MUECATE","P03","NAMPULA","",""
"districts","D0316","MURRUPULA","P03","NAMPULA","",""
"districts","D0318","NACALA_VELHA","P03","NAMPULA","",""
"districts","D0319","NACAROA","P03","NAMPULA","",""
"districts","D0320","RAPALE_NAMPULA","P03","NAMPULA","",""
"districts","D0321","RIBAUE","P03","NAMPULA","",""
"districts","D0402","ALTO MOLOCUE","P04","ZAMBEZIA","",""
"districts","D0403","CHINDE","P04","ZAMBEZIA","",""
"districts","D0404","GILE","P04","ZAMBEZIA","",""
"districts","D0405","GURUE","P04","ZAMBEZIA","",""
"districts","D0406","ILE","P04","ZAMBEZIA","",""
"districts","D0407","INHASSUNGE","P04","ZAMBEZIA","",""
"districts","D0408","LUGELA","P04","ZAMBEZIA","",""
"districts","D0409","MAGANJA DACOSTA","P04","ZAMBEZIA","",""
"districts","D0410","MILANGE","P04","ZAMBEZIA","",""
"districts","D0411","MOCUBA","P04","ZAMBEZIA","",""
"districts","D0412","MOPEIA","P04","ZAMBEZIA","",""
"districts","D0413","MORRUMBALA","P04","ZAMBEZIA","",""
"districts","D0414","NAMACURRA","P04","ZAMBEZIA","",""
"districts","D0415","NAMAROI","P04","ZAMBEZIA","",""
"districts","D0416","NICOADALA","P04","ZAMBEZIA","",""
"districts","D0417","PEBANE","P04","ZAMBEZIA","",""
"districts","D0502","ANGONIA","P05","TETE","",""
"districts","D0503","CAHORA_BASSA","P05","TETE","",""
"districts","D0504","CHANGARA","P05","TETE","",""
"districts","D0505","CHIFUNDE","P05","TETE","",""
"districts","D0506","CHIUTA","P05","TETE","",""
"districts","D0507","MACANGA","P05","TETE","",""
"districts","D0508","MAGOE","P05","TETE","",""
"districts","D0509","MARAVIA","P05","TETE","",""
"districts","D0510","MOATIZE","P05","TETE","",""
"districts","D0511","MUTARARA","P05","TETE","",""
"districts","D0512","TSANGANO","P05","TETE","",""
"districts","D0513","ZUMBO","P05","TETE","",""
"districts","D0602","BARUE","P06","MANICA","",""
"districts","D0603","GONDOLA","P06","MANICA","",""
"districts","D0604","GURO","P06","MANICA","",""
"districts","D0605","MACHAZE","P06","MANICA","",""
"districts","D0606","MACOSSA","P06","MANICA","",""
"districts","D0607","MANICA","P06","MANICA","",""
"districts","D0608","MOSSURIZE","P06","MANICA","",""
"districts","D0609","SUSSUNDENGA","P06","MANICA","",""
"districts","D0610","TAMBARA","P06","MANICA","",""
"districts","D0702","BUZI","P07","SOFALA","",""
"districts","D0703","CAIA","P07","SOFALA","",""
"districts","D0704","CHEMBA","P07","SOFALA","",""
"districts","D0705","CHERINGOMA","P07","SOFALA","",""
"districts","D0706","CHIBABAVA","P07","SOFALA","",""
"districts","D0707","DONDO","P07","SOFALA","",""
"districts","D0708","GORONGOSA","P07","SOFALA","",""
"districts","D0709","MACHANGA","P07","SOFALA","",""
"districts","D0710","MARINGUE","P07","SOFALA","",""
"districts","D0711","MARROMEU","P07","SOFALA","",""
"districts","D0712","MUANZA","P07","SOFALA","",""
"districts","D0713","NHAMATANDA","P07","SOFALA","",""
"districts","D0802","FUNHALOURO","P08","INHAMBANE","",""
"districts","D0803","GOVURO","P08","INHAMBANE","",""
"districts","D0804","HOMOINE","P08","INHAMBANE","",""
"districts","D0805","INHARRIME","P08","INHAMBANE","",""
"districts","D0806","INHASSORO","P08","INHAMBANE","",""
"districts","D0807","JANGAMO","P08","INHAMBANE","",""
"districts","D0808","MABOTE","P08","INHAMBANE","",""
"districts","D0809","MASSINGA","P08","INHAMBANE","",""
"districts","D0811","MORRUMBENE","P08","INHAMBANE","",""
"districts","D0812","PANDA","P08","INHAMBANE","",""
"districts","D0813","VILANKULO","P08","INHAMBANE","",""
"districts","D0814","ZAVALA","P08","INHAMBANE","",""
"districts","D0902","BILENE_MACIA","P09","GAZA","",""
"districts","D0903","CHIBUTO","P09","GAZA","",""
"districts","D0904","CHICUALACUALA","P09","GAZA","",""
"districts","D0905","CHIGUBO","P09","GAZA","",""
"districts","D0906","CHOKWE","P09","GAZA","",""
"districts","D0907","GUIJA","P09","GAZA","",""
"districts","D0908","MABALANE","P09","GAZA","",""
"districts","D0909","MANJACAZE","P09","GAZA","",""
"districts","D0910","MASSANGENA","P09","GAZA","",""
"districts","D0911","MASSINGIR","P09","GAZA","",""
"districts","D0912","XAI_XAI","P09","GAZA","",""
"districts","D1002","BOANE","P10","MAPUTO","",""
"districts","D1003","MAGUDE","P10","MAPUTO","",""
"districts","D1004","MANHICA","P10","MAPUTO","",""
"districts","D1005","MARRACUENE","P10","MAPUTO","",""
"districts","D1006","MATUTUINE","P10","MAPUTO","",""
"districts","D1007","MOAMBA","P10","MAPUTO","",""
"districts","D1008","NAMAACHA","P10","MAPUTO","",""
"","","","","","",""
"postos","PA010202","ETATARA","","D0102","",""
"postos","PA010203","LURIO","","D0102","",""
"postos","PA010301","METANGULA","","D0103","",""
"postos","PA010302","COBUE","","D0103","",""
"postos","PA010303","LUNHO","","D0103","",""
"postos","PA010304","MANIAMBA","","D0103","",""
"postos","PA010401","CHIMBONILA","","D0104","",""
"postos","PA010402","LIONE","","D0104","",""
"postos","PA010403","MEPONDA","","D0104","",""
"postos","PA010501","MAJUNE","","D0105","",""
"postos","PA010502","MUAQUIA","","D0105","",""
"postos","PA010503","NAIRRUBI","","D0105","",""
"postos","PA010601","MANDIMBA","","D0106","",""
"postos","PA010602","MITANDE","","D0106","",""
"postos","PA010701","MARRUPA","","D0107","",""
"postos","PA010702","MARANGIRA","","D0107","",""
"postos","PA010703","NUNGO","","D0107","",""
"postos","PA010801","MAUA","","D0108","",""
"postos","PA010802","MAIACA","","D0108","",""
"postos","PA010901","MAVAGO","","D0109","",""
"postos","PA010902","M'SAWIZE","","D0109","",""
"postos","PA011001","MECANHELAS","","D0110","",""
"postos","PA011002","CHIUTA","","D0110","",""
"postos","PA011101","MECULA","","D0111","",""
"postos","PA011102","MATONDOVELA","","D0111","",""
"postos","PA011201","METARICA","","D0112","",""
"postos","PA011202","MUCUMUA","","D0112","",""
"postos","PA011301","MUEMBE","","D0113","",""
"postos","PA011302","CHICONONO","","D0113","",""
"postos","PA011401","MASSANGULO","","D0114","",""
"postos","PA011402","ITEPELA","","D0114","",""
"postos","PA011501","NIPEPE","","D0115","",""
"postos","PA011502","MUIPITE","","D0115","",""
"postos","PA011601","SANGA","","D0116","",""
"postos","PA011602","LUSSIMBEZE","","D0116","",""
"postos","PA011603","MACALOGE","","D0116","",""
"postos","PA011604","MATCHEDJE","","D0116","",""
"postos","PA020201","ANCUABE","","D0202","",""
"postos","PA020202","METORO","","D0202","",""
"postos","PA020203","MEZA","","D0202","",""
"postos","PA020301","BALAMA","","D0203","",""
"postos","PA020302","IMPIRI","","D0203","",""
"postos","PA020303","KWEKWE","","D0203","",""
"postos","PA020304","MAVALA","","D0203","",""
"postos","PA020401","CHIURE","","D0204","",""
"postos","PA020402","CHIURE VELHO","","D0204","",""
"postos","PA020403","KATAPUA","","D0204","",""
"postos","PA020404","MAZEZE","","D0204","",""
"postos","PA020405","NAMOGELIA","","D0204","",""
"postos","PA020406","OCUA","","D0204","",""
"postos","PA020501","IBO","","D0205","",""
"postos","PA020502","QUIRIMBA","","D0205","",""
"postos","PA020601","MACOMIA","","D0206","",""
"postos","PA020602","CHAI","","D0206","",""
"postos","PA020603","MUCOJO","","D0206","",""
"postos","PA020604","QUITERAJO","","D0206","",""
"postos","PA020701","MECUFI","","D0207","",""
"postos","PA020702","MURREBUE","","D0207","",""
"postos","PA020801","MELUCO","","D0208","",""
"postos","PA020802","MUAGUIDE","","D0208","",""
"postos","PA020901","MOCIMBOA DA PRAIA","","D0209","",""
"postos","PA020902","DIACA","","D0209","",""
"postos","PA020903","MBAU","","D0209","",""
"postos","PA021002","MAPUPULO","","D0210","",""
"postos","PA021003","MIRATE","","D0210","",""
"postos","PA021004","NAIROTO","","D0210","",""
"postos","PA021005","NAMANHUMBIR","","D0210","",""
"postos","PA021101","MUEDA","","D0211","",""
"postos","PA021102","CHAPA","","D0211","",""
"postos","PA021103","IMBUHO","","D0211","",""
"postos","PA021104","NEGOMANO","","D0211","",""
"postos","PA021105","NGAPA","","D0211","",""
"postos","PA021201","MUIDUMBE","","D0212","",""
"postos","PA021202","CHITUNDA","","D0212","",""
"postos","PA021203","MITEDA","","D0212","",""
"postos","PA021301","NAMUNO","","D0213","",""
"postos","PA021302","HUCULA","","D0213","",""
"postos","PA021303","MACHOCA","","D0213","",""
"postos","PA021304","MELOCO","","D0213","",""
"postos","PA021305","NCUMPE","","D0213","",""
"postos","PA021306","LULI","","D0213","",""
"postos","PA021401","NANGADE","","D0214","",""
"postos","PA021402","NTAMBA","","D0214","",""
"postos","PA021501","PALMA","","D0215","",""
"postos","PA021502","OLUMBE","","D0215","",""
"postos","PA021503","PUNDANHAR","","D0215","",""
"postos","PA021504","QUIONGA","","D0215","",""
"postos","PA021601","METUGE","","D0216","",""
"postos","PA021602","MIEZE","","D0216","",""
"postos","PA021701","QUISSANGA","","D0217","",""
"postos","PA021702","BILIBIZA","","D0217","",""
"postos","PA021703","MAHATE","","D0217","",""
"postos","PA030202","AUBE","","D0302","",""
"postos","PA030203","NAMAPONDA","","D0302","",""
"postos","PA030204","BOILA_NAMETORIA","","D0302","",""
"postos","PA030301","NAMAPA_ERATI","","D0303","",""
"postos","PA030302","ALUA","","D0303","",""
"postos","PA030303","NAMIROA","","D0303","",""
"postos","PA030402","LUMBO","","D0304","",""
"postos","PA030501","LALAUA","","D0305","",""
"postos","PA030502","METI","","D0305","",""
"postos","PA030601","MALEMA","","D0306","",""
"postos","PA030602","CHIHULO","","D0306","",""
"postos","PA030603","MUTUALI","","D0306","",""
"postos","PA030701","MECONTA","","D0307","",""
"postos","PA030702","CORRANE","","D0307","",""
"postos","PA030703","NAMIALO","","D0307","",""
"postos","PA030704","7 DE ABRIL","","D0307","",""
"postos","PA030801","MECUBURI","","D0308","",""
"postos","PA030802","MILHANA","","D0308","",""
"postos","PA030803","MUITE","","D0308","",""
"postos","PA030804","NAMINA","","D0308","",""
"postos","PA030901","MEMBA","","D0309","",""
"postos","PA030902","CHIPENE","","D0309","",""
"postos","PA030903","LURIO","","D0309","",""
"postos","PA030904","MAZUE","","D0309","",""
"postos","PA031001","MONGICUALA","","D0310","",""
"postos","PA031002","QUINGA","","D0310","",""
"postos","PA031003","CHUNGA","","D0310","",""
"postos","PA031004","QUIXAXE","","D0310","",""
"postos","PA031005","LIUPO","","D0310","",""
"postos","PA031101","NAMETIL","","D0311","",""
"postos","PA031102","CALIPO","","D0311","",""
"postos","PA031103","ILUTE","","D0311","",""
"postos","PA031104","MUATUA","","D0311","",""
"postos","PA031105","NANHUPO","","D0311","",""
"postos","PA031201","MACONE","","D0312","",""
"postos","PA031202","CHALAUA","","D0312","",""
"postos","PA031203","LARDE","","D0312","",""
"postos","PA031204","MUCUALI","","D0312","",""
"postos","PA031301","MONAPO","","D0313","",""
"postos","PA031302","ITOCULO","","D0313","",""
"postos","PA031303","NETIA","","D0313","",""
"postos","PA031401","MOSSURIL","","D0314","",""
"postos","PA031402","LUNGA","","D0314","",""
"postos","PA031403","MATIBANE","","D0314","",""
"postos","PA031501","MUECATE","","D0315","",""
"postos","PA031502","IMALA","","D0315","",""
"postos","PA031503","MUCULUONE","","D0315","",""
"postos","PA031601","MURRUPULA","","D0316","",""
"postos","PA031602","CHINGA","","D0316","",""
"postos","PA031603","NEHESSINE","","D0316","",""
"postos","PA031801","NACALA_VELHA","","D0318","",""
"postos","PA031802","COVO","","D0318","",""
"postos","PA031901","NACAROA","","D0319","",""
"postos","PA031902","INTETE","","D0319","",""
"postos","PA031903","SAUA_SAUA","","D0319","",""
"postos","PA032001","RAPALE","","D0320","",""
"postos","PA032002","ANCHILO","","D0320","",""
"postos","PA032003","MUTIVAZE","","D0320","",""
"postos","PA032004","NAMAITA","","D0320","",""
"postos","PA032101","RIBAUE","","D0321","",""
"postos","PA032102","KUNLE","","D0321","",""
"postos","PA032103","IAPALA","","D0321","",""
"postos","PA040201","ALTO MOLOCUE","","D0402","",""
"postos","PA040202","NAUELA","","D0402","",""
"postos","PA040301","CHINDE_SEDE","","D0403","",""
"postos","PA040302","LUABO","","D0403","",""
"postos","PA040303","MICAUNE","","D0403","",""
"postos","PA040401","GILE","","D0404","",""
"postos","PA040402","ALTO LIGONHA","","D0404","",""
"postos","PA040502","LIOMA","","D0405","",""
"postos","PA040503","NEPUAGIUA","","D0405","",""
"postos","PA040601","ERREGO","","D0406","",""
"postos","PA040602","MULEVALA","","D0406","",""
"postos","PA040603","SOCONE","","D0406","",""
"postos","PA040701","MUCUPIA","","D0407","",""
"postos","PA040702","GONHANE","","D0407","",""
"postos","PA040801","LUGELA","","D0408","",""
"postos","PA040802","TACUANE","","D0408","",""
"postos","PA040803","MUNHAMADE","","D0408","",""
"postos","PA040804","MUABANAMA","","D0408","",""
"postos","PA040901","MAGANJA DA COSTA","","D0409","",""
"postos","PA040902","BOJONE","","D0409","",""
"postos","PA040903","MOCUBELA","","D0409","",""
"postos","PA040904","NANTE","","D0409","",""
"postos","PA041001","MILANGE","","D0410","",""
"postos","PA041002","MAJAUA","","D0410","",""
"postos","PA041003","MOLUMBO","","D0410","",""
"postos","PA041004","MONGUE","","D0410","",""
"postos","PA041102","MUGEBA","","D0411","",""
"postos","PA041103","NAMAJAVIRA","","D0411","",""
"postos","PA041201","MOPEIA","","D0412","",""
"postos","PA041202","CAMPO","","D0412","",""
"postos","PA041301","MORRUMBALA","","D0413","",""
"postos","PA041302","CHIRE","","D0413","",""
"postos","PA041303","DERRE","","D0413","",""
"postos","PA041304","MEGAZA","","D0413","",""
"postos","PA041401","NAMACURRA","","D0414","",""
"postos","PA041402","MUCUSE","","D0414","",""
"postos","PA041501","NAMARROI","","D0415","",""
"postos","PA041502","REGONE","","D0415","",""
"postos","PA041601","NICOADALA","","D0416","",""
"postos","PA041602","MAQUIVAL","","D0416","",""
"postos","PA041701","PEBANE","","D0417","",""
"postos","PA041702","MULELA MUALAMA","","D0417","",""
"postos","PA041703","NABURI","","D0417","",""
"postos","PA050201","ULONGOE","","D0502","",""
"postos","PA050202","DOMUE","","D0502","",""
"postos","PA050301","SONGO","","D0503","",""
"postos","PA050302","CHITHOLO","","D0503","",""
"postos","PA050303","CHITIMA","","D0503","",""
"postos","PA050401","LUENHA","","D0504","",""
"postos","PA050402","CHIOCO","","D0504","",""
"postos","PA050403","MAVARA","","D0504","",""
"postos","PA050501","CHIFUNDE","","D0505","",""
"postos","PA050502","MUALADZI","","D0505","",""
"postos","PA050503","N'SADZO","","D0505","",""
"postos","PA050601","KAZULA","","D0506","",""
"postos","PA050602","MANGE","","D0506","",""
"postos","PA050701","FURANCUNGO","","D0507","",""
"postos","PA050702","CHIDZOLOMONDO","","D0507","",""
"postos","PA050801","MPHEENDE","","D0508","",""
"postos","PA050802","CHINTHOPO","","D0508","",""
"postos","PA050803","MUKUMBURA","","D0508","",""
"postos","PA050901","CHIPUTO","","D0509","",""
"postos","PA050902","FINGOE","","D0509","",""
"postos","PA050903","MOLOWERA","","D0509","",""
"postos","PA050904","CHEPERA","","D0509","",""
"postos","PA051001","MOATIZE","","D0510","",""
"postos","PA051002","KAMBULATSITSI","","D0510","",""
"postos","PA051003","ZOMBUE","","D0510","",""
"postos","PA051101","NHAMAYABUE","","D0511","",""
"postos","PA051102","CHARE","","D0511","",""
"postos","PA051103","DOA","","D0511","",""
"postos","PA051104","INHANGOMA","","D0511","",""
"postos","PA051201","NTENGO_WAMBALAME","","D0512","",""
"postos","PA051202","TSANGANO","","D0512","",""
"postos","PA051301","ZUMBO","","D0513","",""
"postos","PA051302","MUZE","","D0513","",""
"postos","PA051303","ZAMBUE","","D0513","",""
"postos","PA060201","CATANDICA","","D0602","",""
"postos","PA060202","CHOA","","D0602","",""
"postos","PA060203","NHAMPASSA","","D0602","",""
"postos","PA060301","GONDOLA","","D0603","",""
"postos","PA060302","AMATONGAS","","D0603","",""
"postos","PA060303","CAFUMPE","","D0603","",""
"postos","PA060304","INCHOPE","","D0603","",""
"postos","PA060305","MACATE","","D0603","",""
"postos","PA060306","MATSINHO","","D0603","",""
"postos","PA060307","ZEMBE","","D0603","",""
"postos","PA060401","GURO","","D0604","",""
"postos","PA060402","DACATA","","D0604","",""
"postos","PA060403","MANDIE","","D0604","",""
"postos","PA060404","MUNGARI","","D0604","",""
"postos","PA060405","NHAMASSONGE","","D0604","",""
"postos","PA060501","MACHAZE","","D0605","",""
"postos","PA060502","SAVE","","D0605","",""
"postos","PA060601","MACOSSA","","D0606","",""
"postos","PA060602","NGUAWALA","","D0606","",""
"postos","PA060603","NHAMANGUA","","D0606","",""
"postos","PA060702","MACHIPANDA","","D0607","",""
"postos","PA060703","MESSICA","","D0607","",""
"postos","PA060704","MAVONDE","","D0607","",""
"postos","PA060705","VANDUZI","","D0607","",""
"postos","PA060801","ESPUNGABERA","","D0608","",""
"postos","PA060802","CHIURAIRUE","","D0608","",""
"postos","PA060803","DACATA","","D0608","",""
"postos","PA060901","SUSSUNDENGA","","D0609","",""
"postos","PA060902","DOMBE","","D0609","",""
"postos","PA060903","MUHOA","","D0609","",""
"postos","PA060904","ROTANDA","","D0609","",""
"postos","PA061001","NHACOLO","","D0610","",""
"postos","PA061002","BUZUA","","D0610","",""
"postos","PA061003","NHACAFULA","","D0610","",""
"postos","PA070201","BUZI","","D0702","",""
"postos","PA070202","ESTAQUINHA","","D0702","",""
"postos","PA070203","NOVA_SOFALA","","D0702","",""
"postos","PA070301","CAIA","","D0703","",""
"postos","PA070302","MURRACA","","D0703","",""
"postos","PA070303","SENA","","D0703","",""
"postos","PA070401","CHEMBA","","D0704","",""
"postos","PA070402","CHIRAMBA","","D0704","",""
"postos","PA070403","MULIMA","","D0704","",""
"postos","PA070501","INHAMINGA","","D0705","",""
"postos","PA070502","INHAMITANGA","","D0705","",""
"postos","PA070601","CHIBABAVA","","D0706","",""
"postos","PA070602","GOONDA","","D0706","",""
"postos","PA070603","MUXUNGUE","","D0706","",""
"postos","PA070702","MAFAMBISSE","","D0707","",""
"postos","PA070801","GORONGOSA","","D0708","",""
"postos","PA070802","NHAMADZI","","D0708","",""
"postos","PA070803","VANDUZI","","D0708","",""
"postos","PA070901","MACHANGA","","D0709","",""
"postos","PA070902","DIVINHE","","D0709","",""
"postos","PA071001","MARINGUE","","D0710","",""
"postos","PA071002","CANXIXE","","D0710","",""
"postos","PA071003","SUBUI","","D0710","",""
"postos","PA071101","MARROMEU","","D0711","",""
"postos","PA071102","CHUPANGA","","D0711","",""
"postos","PA071201","MUANZA","","D0712","",""
"postos","PA071202","GALINHA","","D0712","",""
"postos","PA071301","NHAMATANDA","","D0713","",""
"postos","PA071302","TICA","","D0713","",""
"postos","PA080201","FUNHALOURO","","D0802","",""
"postos","PA080202","TOME","","D0802","",""
"postos","PA080301","NOVA MAMBONE","","D0803","",""
"postos","PA080302","SAVE","","D0803","",""
"postos","PA080401","HOMOINE","","D0804","",""
"postos","PA080402","PEMBE","","D0804","",""
"postos","PA080501","INHARRIME","","D0805","",""
"postos","PA080502","MUCUMBI","","D0805","",""
"postos","PA080601","INHASSORO","","D0806","",""
"postos","PA080602","BAZARUTO","","D0806","",""
"postos","PA080701","JANGAMO","","D0807","",""
"postos","PA080702","CUMBANA","","D0807","",""
"postos","PA080801","MABOTE","","D0808","",""
"postos","PA080802","ZIMANE","","D0808","",""
"postos","PA080803","ZINAVE","","D0808","",""
"postos","PA080901","MASSINGA","","D0809","",""
"postos","PA080902","CHICOMO","","D0809","",""
"postos","PA081101","MORRUMBENE","","D0811","",""
"postos","PA081102","MUCODOENE","","D0811","",""
"postos","PA081201","PANDA","","D0812","",""
"postos","PA081202","MAWAYELA","","D0812","",""
"postos","PA081203","URRENE","","D0812","",""
"postos","PA081301","VILANKULO","","D0813","",""
"postos","PA081302","MAPINHANE","","D0813","",""
"postos","PA081401","QUISSICO","","D0814","",""
"postos","PA081402","ZANDAMELA","","D0814","",""
"postos","PA090201","BILENE MACIA","","D0902","",""
"postos","PA090202","CHISSANO","","D0902","",""
"postos","PA090203","MAZIVILA","","D0902","",""
"postos","PA090204","MESSANO","","D0902","",""
"postos","PA090205","PRAIA DE BILENE ","","D0902","",""
"postos","PA090206","MACUANE","","D0902","",""
"postos","PA090302","ALTO CHANGANE","","D0903","",""
"postos","PA090303","CHAIMITE","","D0903","",""
"postos","PA090304","CHANGANINE","","D0903","",""
"postos","PA090305","GODIDE","","D0903","",""
"postos","PA090306","MALEHICE","","D0903","",""
"postos","PA090401","CHICUALACUALA","","D0904","",""
"postos","PA090402","MAPAI","","D0904","",""
"postos","PA090403","PAFURI","","D0904","",""
"postos","PA090501","CHIGUBO","","D0905","",""
"postos","PA090502","NDINDIZA","","D0905","",""
"postos","PA090602","LIONDE","","D0906","",""
"postos","PA090603","MACARRETANE","","D0906","",""
"postos","PA090604","XILEMBENE","","D0906","",""
"postos","PA090701","CANICADO","","D0907","",""
"postos","PA090702","CHIVONGUENE","","D0907","",""
"postos","PA090703","MUBANGUENE","","D0907","",""
"postos","PA090704","NALAZI","","D0907","",""
"postos","PA090801","MABALANE","","D0908","",""
"postos","PA090802","COMBOMUNE","","D0908","",""
"postos","PA090803","NTLAVANE","","D0908","",""
"postos","PA090901","MANDLACAZE","","D0909","",""
"postos","PA090902","CHALALA","","D0909","",""
"postos","PA090903","CHIBONZANE","","D0909","",""
"postos","PA090904","CHIDENGUELE","","D0909","",""
"postos","PA090905","MACUACUA","","D0909","",""
"postos","PA090906","MAZUCANE","","D0909","",""
"postos","PA090907","NGUZENE","","D0909","",""
"postos","PA091001","MASSANGENA","","D0910","",""
"postos","PA091002","MUVUE","","D0910","",""
"postos","PA091101","MASSINGIR","","D0911","",""
"postos","PA091102","MAVODZE","","D0911","",""
"postos","PA091103","ZULO","","D0911","",""
"postos","PA091201","CHICUMBANE","","D0912","",""
"postos","PA091202","CHONGOENE","","D0912","",""
"postos","PA091203","ZONGUENE","","D0912","",""
"postos","PA100201","BOANE","","D1002","",""
"postos","PA100202","MATOLA RIO","","D1002","",""
"postos","PA100301","MAGUDE","","D1003","",""
"postos","PA100302","MAPULANGUENE","","D1003","",""
"postos","PA100303","MOTAZE","","D1003","",""
"postos","PA100304","MAHEL","","D1003","",""
"postos","PA100305","PANJANE","","D1003","",""
"postos","PA100401","MANHICA","","D1004","",""
"postos","PA100402","CALANGA","","D1004","",""
"postos","PA100403","ILHA JOSINA MACHEL","","D1004","",""
"postos","PA100404","MALUANA","","D1004","",""
"postos","PA100405","XINAVANE","","D1004","",""
"postos","PA100406","3 DE FEVEREIRO","","D1004","",""
"postos","PA100501","MARRACUENE","","D1005","",""
"postos","PA100502","MACHUBO","","D1005","",""
"postos","PA100601","MISSEVENE","","D1006","",""
"postos","PA100602","CATEMBE","","D1006","",""
"postos","PA100603","CATUANE","","D1006","",""
"postos","PA100604","MACHANGULO","","D1006","",""
"postos","PA100605","ZITUNDO","","D1006","",""
"postos","PA100701","MOAMBA","","D1007","",""
"postos","PA100702","PESSENE","","D1007","",""
"postos","PA100703","RESSANO GARCIA","","D1007","",""
"postos","PA100704","SABIE","","D1007","",""
"postos","PA100801","NAMAACHA","","D1008","",""
"postos","PA100802","CHANGALANE","","D1008","",""
"","","","","","",""
"comunidades","C001","Ekudjua","","","PA040603","SOCONE"
"comunidades","C002","Enhumua","","","PA040601","ERREGO"
"comunidades","C003","Jagarra","","","PA040601","ERREGO"
"comunidades","C004","Macala","","","PA040601","ERREGO"
"comunidades","C005","Macalissa","","","PA040603","SOCONE"
"comunidades","C006","Macrubueni","","","PA040603","SOCONE"
"comunidades","C007","Malalo","","","PA041501","NAMARROI"
"comunidades","C008","Malua","","","PA040601","ERREGO"
"comunidades","C009","Monegue","","","PA040601","ERREGO"
"comunidades","C010","Morela","","","PA040601","ERREGO"
"comunidades","C011","Mucomo","","","PA040603","SOCONE"
"comunidades","C012","Mugulama","","","PA040601","ERREGO"
"comunidades","C013","Muzala","","","PA040603","SOCONE"
"comunidades","C014","Vierriua","","","PA040603","SOCONE"
"comunidades","C015","Napua","","","PA040601","ERREGO"
"comunidades","C016","Naume","","","PA040601","ERREGO"
"comunidades","C017","Nhoela","","","PA040601","ERREGO"
"comunidades","C018","Nicoropale","","","PA040603","SOCONE"
"comunidades","C020","Sugue","","","PA040601","ERREGO"
"comunidades","C021","Meitor","","","PA040601","ERREGO"
"comunidades","C022","Mugudu","","","PA040601","ERREGO"
"comunidades","C023","Namanda","","","PA040601","ERREGO"
"comunidades","C024","Navagane","","","PA040601","ERREGO"
"comunidades","C025","Mucade","","","PA040601","ERREGO"
"comunidades","C026","Muaziua","","","PA040601","ERREGO"
"comunidades","C027","Munhanhua","","","PA040601","ERREGO"
"comunidades","C028","Niboia ","","","PA040601","ERREGO"
"","","","","","",""
"povs","Outro","Outro","","","","C001"
"povs","Outro","Outro","","","","C002"
"povs","Outro","Outro","","","","C003"
"povs","Outro","Outro","","","","C004"
"povs","Outro","Outro","","","","C005"
"povs","Outro","Outro","","","","C006"
"povs","Outro","Outro","","","","C007"
"povs","Outro","Outro","","","","C008"
"povs","Outro","Outro","","","","C009"
"povs","Outro","Outro","","","","C010"
"povs","Outro","Outro","","","","C011"
"povs","Outro","Outro","","","","C012"
"povs","Outro","Outro","","","","C013"
"povs","Outro","Outro","","","","C014"
"povs","Outro","Outro","","","","C015"
"povs","Outro","Outro","","","","C016"
"povs","Outro","Outro","","","","C017"
"povs","Outro","Outro","","","","C018"
"povs","Outro","Outro","","","","C020"
"povs","Outro","Outro","","","","C021"
"povs","Outro","Outro","","","","C022"
"povs","Outro","Outro","","","","C023"
"povs","Outro","Outro","","","","C025"
"povs","Outro","Outro","","","","C026"
"povs","Outro","Outro","","","","C027"
"povs","Outro","Outro","","","","C028"
"povs","PV0001","Emuara","","","","C007"
"povs","PV0002","Kucune","","","","C007"
"povs","PV0003","Rule","","","","C007"
"povs","PV0004","Musseceia","","","","C007"
"povs","PV0005","Mampupuine","","","","C007"
"povs","PV0006","Micorotxe","","","","C007"
"povs","PV0007","Eulane","","","","C007"
"povs","PV0008","Nola","","","","C007"
"povs","PV0009","Crupura","","","","C007"
"povs","PV0010","Muthucunuco","","","","C007"
"povs","PV0011","Namunhoquerene 1","","","","C007"
"povs","PV0012","Namunhoquerene 2","","","","C007"
"povs","PV0013","Marrogane 1","","","","C007"
"povs","PV0014","Marrogane 2","","","","C007"
"povs","PV0015","Zona 1","","","","C006"
"povs","PV0016","Zona 2","","","","C006"
"povs","PV0017","Zona 3","","","","C006"
"povs","PV0018","Zona 4","","","","C006"
"povs","PV0019","Zona 1","","","","C016"
"povs","PV0020","Zona 2","","","","C016"
"povs","PV0021","Zona 3","","","","C016"
"povs","PV0022","Zona 4","","","","C016"
"povs","PV0023","Zona 5","","","","C016"
"povs","PV0024","Zona 6","","","","C016"
"povs","PV0025","Zona 7","","","","C016"
"povs","PV0026","Zona 8","","","","C016"
"povs","PV0027","Zona 9","","","","C016"
"povs","PV0028","Maiua","","","","C011"
"povs","PV0029","Bairro 2","","","","C011"
"povs","PV0030","Lua","","","","C011"
"povs","PV0031","Nacome","","","","C011"
"povs","PV0032","Noradje","","","","C011"
"povs","PV0033","Macalissa 1","","","","C005"
"povs","PV0034","Macalissa 2","","","","C005"
"povs","PV0035","Macalissa 3","","","","C005"
"povs","PV0036","Macalissa 4","","","","C005"
"povs","PV0037","Macalissa 5","","","","C005"
"povs","PV0038","Macalissa 6","","","","C005"
"povs","PV0039","Macalissa 7","","","","C005"
"povs","PV0040","Macalissa 8","","","","C005"
"povs","PV0041","Macalissa 9","","","","C005"
"povs","PV0042","Macalissa 10","","","","C005"
"povs","PV0043","Pareie","","","","C015"
"povs","PV0044","Naume","","","","C015"
"povs","PV0045","Mbilane","","","","C015"
"povs","PV0046","Mualua","","","","C015"
"povs","PV0047","Napua","","","","C012"
"povs","PV0048","Jagarra","","","","C003"
"povs","PV0049","Nguibuandje","","","","C003"
"povs","PV0050","Nicoropale sede","","","","C018"
"povs","PV0051","Hapala","","","","C018"
"povs","PV0052","Mucomo","","","","C018"
"povs","PV0053","Lava","","","","C018"
"povs","PV0054","Namassilo","","","","C010"
"povs","PV0055","Namalena","","","","C010"
"povs","PV0056","Mercado","","","","C010"
"povs","PV0057","Nicutini","","","","C010"
"povs","PV0058","Namaluco","","","","C010"
"povs","PV0059","Mucuta","","","","C010"
"povs","PV0060","Namaluco 2","","","","C010"
"povs","PV0061","Namicorini","","","","C010"
"povs","PV0062","Nicutini","","","","C010"
"povs","PV0063","Nhore","","","","C009"
"povs","PV0064","Nacaba","","","","C009"
"povs","PV0065","Nacaba","","","","C009"
"povs","PV0066","Napalavi","","","","C009"
"povs","PV0067","Namathadha","","","","C009"
"povs","PV0068","Jumani","","","","C009"
"povs","PV0069","Namatxadja","","","","C009"
"povs","PV0070","Namuhava","","","","C009"
"povs","PV0071","Natxedje 1","","","","C009"
"povs","PV0072","Namoro","","","","C009"
"povs","PV0073","Cudjeme","","","","C009"
"povs","PV0074","Natxedje","","","","C008"
"povs","PV0075","Namunhogolo","","","","C008"
"povs","PV0076","Mucutxa","","","","C008"
"povs","PV0077","Muelamassi","","","","C008"
"povs","PV0078","Naipipine","","","","C008"
"povs","PV0079","Nhore","","","","C008"
"povs","PV0080","Namarepo","","","","C008"
"povs","PV0081","Mucutxo","","","","C008"
"povs","PV0082","Mussassamatxo","","","","C008"
"povs","PV0083","Muareta","","","","C008"
"povs","PV0084","Muhua","","","","C020"
"povs","PV0085","Namuilasse","","","","C020"
"povs","PV0086","Nacururubi","","","","C020"
"povs","PV0087","Nipatxa","","","","C020"
"povs","PV0088","Rapacodxe","","","","C020"
"povs","PV0089","Noloconi","","","","C020"
"povs","PV0090","Havarani","","","","C020"
"povs","PV0091","Naminheto","","","","C004"
"povs","PV0092","Batalha","","","","C004"
"povs","PV0093","Macipa","","","","C004"
"povs","PV0094","Mugulama Sede","","","","C012"
"povs","PV0096","Elope","","","","C012"
"povs","PV0097","Matumane","","","","C012"
"povs","PV0098","Muatiua","","","","C012"
"povs","PV0099","Inroenacue","","","","C012"
"povs","PV0100","Bairro 25 de setembro","","","","C012"
"povs","PV0101","Manla","","","","C017"
"povs","PV0102","Muliquela","","","","C017"
"povs","PV0103","Enhumua","","","","C017"
"povs","PV0104","Cavani","","","","C002"
"povs","PV0105","Nacuvarra","","","","C002"
"povs","PV0106","Muhelacotho","","","","C002"
"povs","PV0107","Mubi","","","","C002"
"povs","PV0108","Muajone","","","","C002"
"povs","PV0109","Mworra","","","","C002"
"povs","PV0110","Naio","","","","C002"
"povs","PV0130","Magaliza","","","","C001"
"povs","PV0131","Nacupeia","","","","C001"
"povs","PV0132","Mutoma","","","","C001"
"povs","PV0133","Muzala","","","","C001"
"povs","PV0134","Nipubu","","","","C001"
"povs","PV0135","Muha","","","","C001"
"povs","PV0136","Meitor Sede","","","","C021"
"povs","PV0137","Namicocoro","","","","C021"
"povs","PV0138","Mulumassi","","","","C021"
"povs","PV0139","Navagane","","","","C022"
"povs","PV0140","Ligama","","","","C022"
"povs","PV0141","Mugudo Sede","","","","C022"
"povs","PV0142","Namanda","","","","C023"
"povs","PV0143","Napalaca","","","","C023"
"povs","PV0144","Nologone","","","","C023"
"povs","PV0145","Comone","","","","C023"
"povs","PV0146","Mutapuaze","","","","C023"
"povs","PV0147","Nahedje","","","","C023"
"povs","PV0148","Mubai","","","","C023"
"povs","PV0149","Simoco","","","","C023"
"povs","PV0150","Muagane","","","","C023"
"povs","PV0151","Navagane","","","","C023"
"povs","PV0152","Opadja","","","","C023"
"povs","PV0159","Mapita","","","","C025"
"povs","PV0160","Tchivitchivi","","","","C025"
"povs","PV0161","Mucade","","","","C025"
"povs","PV0162","Macocue","","","","C025"
"povs","PV0163","Pevere","","","","C025"
"povs","PV0164","Vierriua Sede","","","","C014"
"povs","PV0165","Macuecue","","","","C014"
"povs","PV0166","Corea","","","","C014"
"povs","PV0167","Mutopa","","","","C014"
"povs","PV0168","Muteterea","","","","C014"
"povs","PV0169","Uora","","","","C014"
"povs","PV0170","Muaziua Sede","","","","C026"
"povs","PV0171","Liguangua","","","","C026"
"povs","PV0172","Acinhara","","","","C026"
"povs","PV0173","Muribane","","","","C026"
"povs","PV0174","Nanuro","","","","C026"
"povs","PV0175","Natuto","","","","C025"
"povs","PV0176","Evuri","","","","C002"
"povs","PV0177","Munhanhua sede","","","","C027"
"povs","PV0178","Namaluco","","","","C027"
"povs","PV0179","Muisse","","","","C027"
"povs","PV0180","Namalapa","","","","C027"
"povs","PV0181","Nacogolo","","","","C027"
"povs","PV0182","Mulumassi","","","","C027"
"povs","PV0183","Nanoa","","","","C027"
"povs","PV0184","Nanhagane","","","","C027"
"povs","PV0185","Niboia","","","","C028"
"povs","PV0186","Jagarra","","","","C028"
"povs","PV0187","Nguipuantxe","","","","C028"
"povs","PV0188","Mulugundaua","","","","C028"
"povs","PV0189","Mucuiua","","","","C028"
"povs","PV0190","Massira","","","","C028"
"povs","PV0191","Namivelane","","","","C012"
"povs","PV0192","Murruma","","","","C012"
"povs","PV0193","Mbilani","","","","C012"
"povs","PV0194","Enhumua Sede","","","","C002"
"povs","PV0195","Pareie","","","","C012"
"povs","PV0196","Magala","","","","C020"
"povs","PV0197","Monegue","","","","C020"
"povs","PV0198","Morela","","","","C020"
"povs","PV0199","Mualua","","","","C012"
"povs","PV0200","Mucoe","","","","C023"
"povs","PV0201","Munhanhua Nacogolo","","","","C027"
"povs","PV0202","Muterela","","","","C023"
"povs","PV0203","Namacupo","","","","C012"
"povs","PV0204","Namalapa","","","","C020"
"povs","PV0205","Namema","","","","C002"
"povs","PV0206","Nanretete","","","","C012"
"povs","PV0207","Napacone","","","","C023"
"povs","PV0208","Naretete","","","","C012"
"povs","PV0209","Naume","","","","C012"
"povs","PV0210","Nhoela sede","","","","C017"
"povs","PV0211","Sugue Sede","","","","C020"
"povs","PV0212","Sugue Sede_b","","","","C020"
"povs","PV0213","Zona do Ambrosio","","","","C025"
"povs","PV0214","Namivelano","","","","C012"
"","","","","","",""
"","","","","","",""
"zona","ZN0114","Nimetho","","","","C012"
"zona","ZN0112","Nanretete","","","","C012"
"zona","ZN0","Namacupo","","","","C012"
"zona","PV0045","Mbilane","","","","C012"
"zona","PV0046","Mualua","","","","C012"
"zona","PV0044","Naume","","","","C012"
"zona","Outro","Outro","","","","C012"
"zona","PV0043","Pareie","","","","C012"
"zona","PV0113","Natoro","","","","C012"
"zona","Outro","Outro","","","","C012"
"zona","PV0111","Pareie","","","","C012"
"zona","PV0120","Zona 10","","","","C012"
"zona","PV0121","Zona 11","","","","C012"
"zona","PV0122","Zona 12","","","","C012"
"zona","PV0123","Zona 13","","","","C012"
"zona","PV0124","Zona 14","","","","C012"
"zona","PV0125","Zona 15","","","","C012"
"zona","PV0126","Zona 16","","","","C012"
"zona","PV0127","Zona 17","","","","C012"
"zona","PV0128","Zona 18","","","","C012"
"zona","PV0129","Zona 19","","","","C012"
"zona","PV0115","Zona 5","","","","C012"
"zona","PV0116","Zona 6","","","","C012"
"zona","PV0117","Zona 7","","","","C012"
"zona","PV0118","Zona 8","","","","C012"
"zona","PV0119","Zona 9","","","","C012"
"zona","PV0095","Naholossa","","","","C012"
"zona","PV0155","Marrogane","","","","C022"
"zona","PV0158","Mugonhane","","","","C022"
"zona","PV0154","Mussira","","","","C022"
"zona","PV0157","Mutapuaze","","","","C022"
"zona","PV0156","Nahogone","","","","C022"
"zona","PV0153","Navagane","","","","C022"
"zona","Outro","Outro","","","","C022"
